Month,Wood Energy Production,Biofuels Production,Total Biomass Energy Production,Total Renewable Energy Production,Hydroelectric Power Consumption,Geothermal Energy Consumption,Solar Energy Consumption,Wind Energy Consumption,Wood Energy Consumption,Waste Energy Consumption,Biofuels Consumption,Total Biomass Energy Consumption,Total Renewable Energy Consumption
1973 January,129.63,Not Available,129.787,219.839,89.562,0.49,Not Available,Not Available,129.63,0.157,Not Available,129.787,219.839
1973 February,117.194,Not Available,117.338,197.33,79.544,0.448,Not Available,Not Available,117.194,0.144,Not Available,117.338,197.33
1973 March,129.763,Not Available,129.938,218.686,88.284,0.464,Not Available,Not Available,129.763,0.176,Not Available,129.938,218.686
1973 April,125.462,Not Available,125.636,209.33,83.152,0.542,Not Available,Not Available,125.462,0.174,Not Available,125.636,209.33
1973 May,129.624,Not Available,129.834,215.982,85.643,0.505,Not Available,Not Available,129.624,0.21,Not Available,129.834,215.982
1973 June,125.435,Not Available,125.611,208.249,82.06,0.579,Not Available,Not Available,125.435,0.176,Not Available,125.611,208.249
1973 July,129.616,Not Available,129.787,207.8,77.4,0.614,Not Available,Not Available,129.616,0.17,Not Available,129.787,207.8
1973 August,129.734,Not Available,129.918,203.432,72.936,0.579,Not Available,Not Available,129.734,0.184,Not Available,129.918,203.432
1973 September,125.603,Not Available,125.782,185.3,59.029,0.49,Not Available,Not Available,125.603,0.178,Not Available,125.782,185.3
1973 October,129.769,Not Available,129.97,193.514,62.967,0.578,Not Available,Not Available,129.769,0.2,Not Available,129.97,193.514
1973 November,125.492,Not Available,125.643,195.326,69.063,0.62,Not Available,Not Available,125.492,0.151,Not Available,125.643,195.326
1973 December,129.69,Not Available,129.824,220.755,90.131,0.8,Not Available,Not Available,129.69,0.135,Not Available,129.824,220.755
1974 January,130.655,Not Available,130.807,231.01,99.5,0.704,Not Available,Not Available,130.655,0.152,Not Available,130.807,231.01
1974 February,117.949,Not Available,118.091,210.188,91.476,0.621,Not Available,Not Available,117.949,0.142,Not Available,118.091,210.188
1974 March,130.579,Not Available,130.727,226.384,94.95,0.707,Not Available,Not Available,130.579,0.148,Not Available,130.727,226.384
1974 April,126.441,Not Available,126.583,223.218,95.969,0.666,Not Available,Not Available,126.441,0.142,Not Available,126.583,223.218
1974 May,130.659,Not Available,130.789,227.793,96.337,0.667,Not Available,Not Available,130.659,0.129,Not Available,130.789,227.793
1974 June,126.432,Not Available,126.611,218.976,91.719,0.645,Not Available,Not Available,126.432,0.179,Not Available,126.611,218.976
1974 July,130.548,Not Available,130.756,221.909,90.437,0.716,Not Available,Not Available,130.548,0.208,Not Available,130.756,221.909
1974 August,130.574,Not Available,130.763,214.197,82.727,0.707,Not Available,Not Available,130.574,0.189,Not Available,130.763,214.197
1974 September,126.454,Not Available,126.637,200.9,73.61,0.653,Not Available,Not Available,126.454,0.183,Not Available,126.637,200.9
1974 October,130.562,Not Available,130.718,200.312,68.931,0.663,Not Available,Not Available,130.562,0.156,Not Available,130.718,200.312
1974 November,126.352,Not Available,126.506,200.068,72.773,0.789,Not Available,Not Available,126.352,0.155,Not Available,126.506,200.068
1974 December,130.555,Not Available,130.674,211.046,79.542,0.83,Not Available,Not Available,130.555,0.119,Not Available,130.674,211.046
1975 January,127.128,Not Available,127.269,214.319,86.356,0.694,Not Available,Not Available,127.128,0.14,Not Available,127.269,214.319
1975 February,114.829,Not Available,114.942,198.008,82.404,0.662,Not Available,Not Available,114.829,0.113,Not Available,114.942,198.008
1975 March,127.127,Not Available,127.251,224.384,96.386,0.747,Not Available,Not Available,127.127,0.124,Not Available,127.251,224.384
1975 April,123.022,Not Available,123.139,215.679,91.791,0.748,Not Available,Not Available,123.022,0.117,Not Available,123.139,215.679
1975 May,127.13,Not Available,127.303,223.695,95.581,0.812,Not Available,Not Available,127.13,0.173,Not Available,127.303,223.695
1975 June,123.048,Not Available,123.241,217.798,93.55,1.007,Not Available,Not Available,123.048,0.193,Not Available,123.241,217.798
1975 July,127.125,Not Available,127.288,216.202,87.9,1.013,Not Available,Not Available,127.125,0.163,Not Available,127.288,216.202
1975 August,127.136,Not Available,127.321,206.312,77.892,1.099,Not Available,Not Available,127.136,0.185,Not Available,127.321,206.312
1975 September,123.052,Not Available,123.21,194.934,70.756,0.969,Not Available,Not Available,123.052,0.158,Not Available,123.21,194.934
1975 October,127.151,Not Available,127.312,206.489,78.06,1.117,Not Available,Not Available,127.151,0.161,Not Available,127.312,206.489
1975 November,123.039,Not Available,123.18,208.436,84.171,1.085,Not Available,Not Available,123.039,0.141,Not Available,123.18,208.436
1975 December,127.138,Not Available,127.277,217.911,89.51,1.124,Not Available,Not Available,127.138,0.138,Not Available,127.277,217.911
1976 January,144.91,Not Available,145.049,236.073,89.904,1.119,Not Available,Not Available,144.91,0.14,Not Available,145.049,236.073
1976 February,135.559,Not Available,135.695,221.374,84.626,1.053,Not Available,Not Available,135.559,0.136,Not Available,135.695,221.374
1976 March,144.914,Not Available,145.051,237.807,91.629,1.127,Not Available,Not Available,144.914,0.137,Not Available,145.051,237.807
1976 April,140.237,Not Available,140.363,224.756,83.378,1.015,Not Available,Not Available,140.237,0.126,Not Available,140.363,224.756
1976 May,144.913,Not Available,145.047,234.082,88.065,0.97,Not Available,Not Available,144.913,0.134,Not Available,145.047,234.082
1976 June,140.244,Not Available,140.405,229.595,88.182,1.008,Not Available,Not Available,140.244,0.161,Not Available,140.405,229.595
1976 July,144.898,Not Available,145.088,235.984,89.807,1.089,Not Available,Not Available,144.898,0.19,Not Available,145.088,235.984
1976 August,144.918,Not Available,145.11,228.336,82.153,1.072,Not Available,Not Available,144.918,0.192,Not Available,145.11,228.336
1976 September,140.271,Not Available,140.436,211.665,70.186,1.044,Not Available,Not Available,140.271,0.165,Not Available,140.436,211.665
1976 October,144.94,Not Available,145.114,218.818,72.69,1.014,Not Available,Not Available,144.94,0.174,Not Available,145.114,218.818
1976 November,140.481,Not Available,140.651,209.968,68.463,0.854,Not Available,Not Available,140.481,0.171,Not Available,140.651,209.968
1976 December,145.201,Not Available,145.364,216.239,69.9,0.975,Not Available,Not Available,145.201,0.163,Not Available,145.364,216.239
1977 January,156.074,Not Available,156.22,228.907,71.63,1.057,Not Available,Not Available,156.074,0.146,Not Available,156.22,228.907
1977 February,141.046,Not Available,141.176,194.523,52.424,0.923,Not Available,Not Available,141.046,0.13,Not Available,141.176,194.523
1977 March,156.072,Not Available,156.217,225.781,68.518,1.046,Not Available,Not Available,156.072,0.146,Not Available,156.217,225.781
1977 April,151.013,Not Available,151.161,216.602,64.508,0.933,Not Available,Not Available,151.013,0.148,Not Available,151.161,216.602
1977 May,156.032,Not Available,156.186,221.823,64.629,1.007,Not Available,Not Available,156.032,0.155,Not Available,156.186,221.823
1977 June,150.997,Not Available,151.153,211.752,59.609,0.991,Not Available,Not Available,150.997,0.156,Not Available,151.153,211.752
1977 July,155.742,Not Available,155.92,215.097,58.13,1.048,Not Available,Not Available,155.742,0.178,Not Available,155.92,215.097
1977 August,155.909,Not Available,156.081,214.871,57.83,0.96,Not Available,Not Available,155.909,0.172,Not Available,156.081,214.871
1977 September,150.938,Not Available,151.11,208.974,56.835,1.028,Not Available,Not Available,150.938,0.172,Not Available,151.11,208.974
1977 October,155.998,Not Available,156.172,216.727,59.48,1.075,Not Available,Not Available,155.998,0.174,Not Available,156.172,216.727
1977 November,150.888,Not Available,151,222.663,70.583,1.08,Not Available,Not Available,150.888,0.112,Not Available,151,222.663
1977 December,155.816,Not Available,155.935,235.754,78.744,1.075,Not Available,Not Available,155.816,0.119,Not Available,155.935,235.754
1978 January,173.005,Not Available,173.128,260.677,86.454,1.095,Not Available,Not Available,173.005,0.123,Not Available,173.128,260.677
1978 February,156.277,Not Available,156.387,233.933,76.606,0.94,Not Available,Not Available,156.277,0.11,Not Available,156.387,233.933
1978 March,173.026,Not Available,173.136,258.863,84.951,0.777,Not Available,Not Available,173.026,0.11,Not Available,173.136,258.863
1978 April,167.244,Not Available,167.349,255.285,87.281,0.655,Not Available,Not Available,167.244,0.105,Not Available,167.349,255.285
1978 May,172.806,Not Available,172.923,272.691,99.185,0.583,Not Available,Not Available,172.806,0.117,Not Available,172.923,272.691
1978 June,167.239,Not Available,167.34,254.703,86.645,0.718,Not Available,Not Available,167.239,0.101,Not Available,167.34,254.703
1978 July,172.825,Not Available,172.912,258.056,84.339,0.804,Not Available,Not Available,172.825,0.087,Not Available,172.912,258.056
1978 August,173.009,Not Available,173.189,250.652,76.518,0.945,Not Available,Not Available,173.009,0.18,Not Available,173.189,250.652
1978 September,167.32,Not Available,167.455,241.494,73.042,0.998,Not Available,Not Available,167.32,0.134,Not Available,167.455,241.494
1978 October,173.027,Not Available,173.169,241.095,67.184,0.742,Not Available,Not Available,173.027,0.142,Not Available,173.169,241.095
1978 November,167.438,Not Available,167.557,237.214,68.818,0.839,Not Available,Not Available,167.438,0.12,Not Available,167.557,237.214
1978 December,172.935,Not Available,173.06,250.285,76.162,1.063,Not Available,Not Available,172.935,0.126,Not Available,173.06,250.285
1979 January,182.453,Not Available,182.6,270,86.378,1.021,Not Available,Not Available,182.453,0.147,Not Available,182.6,270
1979 February,164.927,Not Available,165.096,239.377,73.446,0.836,Not Available,Not Available,164.927,0.169,Not Available,165.096,239.377
1979 March,182.64,Not Available,182.881,273.485,89.483,1.121,Not Available,Not Available,182.64,0.241,Not Available,182.881,273.485
1979 April,176.707,Not Available,176.844,265.526,87.645,1.037,Not Available,Not Available,176.707,0.138,Not Available,176.844,265.526
1979 May,182.561,Not Available,182.782,283.727,99.903,1.043,Not Available,Not Available,182.561,0.221,Not Available,182.782,283.727
1979 June,176.662,Not Available,176.833,264.118,86.23,1.056,Not Available,Not Available,176.662,0.17,Not Available,176.833,264.118
1979 July,182.536,Not Available,182.7,262.394,78.573,1.12,Not Available,Not Available,182.536,0.165,Not Available,182.7,262.394
1979 August,182.638,Not Available,182.808,257.423,73.393,1.222,Not Available,Not Available,182.638,0.17,Not Available,182.808,257.423
1979 September,176.766,Not Available,176.891,243.468,65.516,1.06,Not Available,Not Available,176.766,0.125,Not Available,176.891,243.468
1979 October,182.63,Not Available,182.752,253.559,69.619,1.189,Not Available,Not Available,182.63,0.121,Not Available,182.752,253.559
1979 November,176.767,Not Available,176.949,255.317,77.213,1.155,Not Available,Not Available,176.767,0.182,Not Available,176.949,255.317
1979 December,182.568,Not Available,182.77,262.637,78.457,1.409,Not Available,Not Available,182.568,0.202,Not Available,182.77,262.637
1980 January,209.613,Not Available,209.829,298.221,87.244,1.148,Not Available,Not Available,209.613,0.216,Not Available,209.829,298.221
1980 February,196.117,Not Available,196.31,271.194,73.781,1.103,Not Available,Not Available,196.117,0.193,Not Available,196.31,271.194
1980 March,209.598,Not Available,209.727,294.931,83.978,1.225,Not Available,Not Available,209.598,0.129,Not Available,209.727,294.931
1980 April,202.768,Not Available,202.894,293.043,88.865,1.284,Not Available,Not Available,202.768,0.127,Not Available,202.894,293.043
1980 May,209.394,Not Available,209.548,310.682,99.622,1.512,Not Available,Not Available,209.394,0.154,Not Available,209.548,310.682
1980 June,202.609,Not Available,202.723,299.633,95.451,1.459,Not Available,Not Available,202.609,0.114,Not Available,202.723,299.633
1980 July,209.449,Not Available,209.554,295.537,84.448,1.534,Not Available,Not Available,209.449,0.106,Not Available,209.554,295.537
1980 August,209.544,Not Available,209.675,281.831,70.517,1.639,Not Available,Not Available,209.544,0.131,Not Available,209.675,281.831
1980 September,202.79,Not Available,202.905,268.204,63.819,1.48,Not Available,Not Available,202.79,0.115,Not Available,202.905,268.204
1980 October,209.602,Not Available,209.717,273.058,61.661,1.681,Not Available,Not Available,209.602,0.115,Not Available,209.717,273.058
1980 November,202.831,Not Available,202.945,270.913,66.325,1.643,Not Available,Not Available,202.831,0.114,Not Available,202.945,270.913
1980 December,209.546,Not Available,209.671,288.131,76.858,1.602,Not Available,Not Available,209.546,0.125,Not Available,209.671,288.131
1981 January,211.988,1.08,220.544,299.483,77.214,1.725,Not Available,Not Available,211.988,7.476,1.08,220.544,299.483
1981 February,191.528,0.976,199.248,273.604,72.83,1.525,Not Available,Not Available,191.528,6.744,0.976,199.248,273.604
1981 March,212.042,1.08,220.595,293.454,71.15,1.71,Not Available,Not Available,212.042,7.472,1.08,220.595,293.454
1981 April,205.195,1.045,213.467,286.764,71.718,1.579,Not Available,Not Available,205.195,7.226,1.045,213.467,286.764
1981 May,211.883,1.08,220.433,305.297,83.301,1.564,Not Available,Not Available,211.883,7.469,1.08,220.433,305.297
1981 June,204.976,1.045,213.237,305.86,91.061,1.561,Not Available,Not Available,204.976,7.216,1.045,213.237,305.86
1981 July,211.838,1.08,220.392,308.821,86.714,1.716,Not Available,Not Available,211.838,7.473,1.08,220.392,308.821
1981 August,211.846,1.08,220.428,296.678,74.556,1.695,Not Available,Not Available,211.846,7.501,1.08,220.428,296.678
1981 September,205.148,1.045,213.48,276.72,61.534,1.705,Not Available,Not Available,205.148,7.287,1.045,213.48,276.72
1981 October,212.004,1.08,220.581,284.684,62.42,1.682,Not Available,Not Available,212.004,7.497,1.08,220.581,284.684
1981 November,205.166,1.045,213.437,280.364,65.459,1.468,Not Available,Not Available,205.166,7.226,1.045,213.437,280.364
1981 December,211.948,1.08,220.44,304.193,82.279,1.473,Not Available,Not Available,211.948,7.412,1.08,220.44,304.193
1982 January,213.205,2.922,226.251,320.311,92.763,1.297,Not Available,Not Available,213.205,10.124,2.922,226.251,320.311
1982 February,192.598,2.639,204.375,297.475,91.907,1.193,Not Available,Not Available,192.598,9.137,2.639,204.375,297.475
1982 March,213.132,2.922,226.157,330.131,102.924,1.051,Not Available,Not Available,213.132,10.103,2.922,226.157,330.131
1982 April,206.24,2.828,218.821,316.183,96.303,1.06,Not Available,Not Available,206.24,9.753,2.828,218.821,316.183
1982 May,213.101,2.922,226.135,323.939,96.572,1.231,Not Available,Not Available,213.101,10.112,2.922,226.135,323.939
1982 June,206.255,2.828,218.866,316.816,96.463,1.487,Not Available,Not Available,206.255,9.784,2.828,218.866,316.816
1982 July,213.146,2.922,226.202,321.854,94.087,1.564,Not Available,Not Available,213.146,10.135,2.922,226.202,321.854
1982 August,213.158,2.922,226.168,310.059,82.333,1.559,Not Available,Not Available,213.158,10.087,2.922,226.168,310.059
1982 September,206.364,2.828,218.947,289.054,68.612,1.495,Not Available,Not Available,206.364,9.755,2.828,218.947,289.054
1982 October,213.332,2.922,226.373,296.056,68.091,1.592,Not Available,Not Available,213.332,10.119,2.922,226.373,296.056
1982 November,206.347,2.828,218.948,300.864,80.245,1.672,Not Available,Not Available,206.347,9.772,2.828,218.948,300.864
1982 December,213.17,2.922,226.21,323.054,95.522,1.323,Not Available,Not Available,213.17,10.118,2.922,226.21,323.054
1983 January,227.926,5.363,246.575,348.969,100.743,1.65,Not Available,0.001,227.926,13.286,5.363,246.575,348.969
1983 February,205.87,4.844,222.738,320.213,96.206,1.269,Not Available,0,205.87,12.023,4.844,222.738,320.213
1983 March,227.938,5.363,246.61,352.422,104.348,1.463,Not Available,0.001,227.938,13.309,5.363,246.61,352.422
1983 April,220.561,5.19,238.625,343.331,103.334,1.371,Not Available,0.001,220.561,12.875,5.19,238.625,343.331
1983 May,227.897,5.363,246.647,355.33,107.568,1.114,Not Available,0.001,227.897,13.387,5.363,246.647,355.33
1983 June,220.582,5.19,238.736,346.012,105.81,1.465,Not Available,0.001,220.582,12.964,5.19,238.736,346.012
1983 July,227.933,5.363,246.651,345.359,96.883,1.825,Not Available,0,227.933,13.354,5.363,246.651,345.359
1983 August,227.978,5.363,246.695,338.025,88.929,2.401,Not Available,0,227.978,13.354,5.363,246.695,338.025
1983 September,220.641,5.19,238.755,315.758,74.808,2.194,Not Available,0.001,220.641,12.924,5.19,238.755,315.758
1983 October,228.031,5.363,246.732,320.524,71.491,2.3,Not Available,0.002,228.031,13.338,5.363,246.732,320.524
1983 November,220.719,5.19,238.78,325.785,84.956,2.047,Not Available,0.001,220.719,12.872,5.19,238.78,325.785
1983 December,228.194,5.363,246.871,357.437,108.936,1.63,Not Available,0,228.194,13.314,5.363,246.871,357.437
1984 January,227.551,6.547,251.483,355.607,102.459,1.665,0,0,227.551,17.385,6.547,251.483,355.607
1984 February,212.673,6.125,235.169,333.238,96.034,2.034,0,0.001,212.673,16.371,6.125,235.169,333.238
1984 March,227.378,6.547,251.529,358.566,104.801,2.235,0.001,0.001,227.378,17.603,6.547,251.529,358.566
1984 April,219.904,6.336,243.277,348.756,103.27,2.205,0.001,0.002,219.904,17.037,6.336,243.277,348.756
1984 May,227.242,6.547,251.408,363.212,109.683,2.115,0.002,0.003,227.242,17.619,6.547,251.408,363.212
1984 June,219.914,6.336,243.303,344.623,99.261,2.053,0.003,0.002,219.914,17.053,6.336,243.303,344.623
1984 July,227.458,6.547,251.632,348.366,94.772,1.96,0.001,0.002,227.458,17.627,6.547,251.632,348.366
1984 August,227.481,6.547,251.638,340.669,86.573,2.454,0.003,0.001,227.481,17.61,6.547,251.638,340.669
1984 September,220.21,6.336,243.596,317.887,72.076,2.21,0.003,0.002,220.21,17.049,6.336,243.596,317.887
1984 October,227.64,6.547,251.974,326.373,71.968,2.426,0.002,0.003,227.64,17.786,6.547,251.974,326.373
1984 November,220.555,6.336,244.068,323.172,76.704,2.396,0.001,0.003,220.555,17.177,6.336,244.068,323.172
1984 December,227.811,6.547,252.042,343.652,88.949,2.656,0,0.004,227.811,17.684,6.547,252.042,343.652
1985 January,228.394,7.911,256.315,353.933,94.973,2.641,0.002,0.002,228.394,20.009,7.911,256.315,353.933
1985 February,206.294,7.146,231.512,323.067,89.219,2.332,0,0.004,206.294,18.072,7.146,231.512,323.067
1985 March,228.374,7.911,256.336,344.083,85.029,2.715,0,0.002,228.374,20.05,7.911,256.336,344.083
1985 April,220.463,7.656,247.599,334.259,84.276,2.378,0.004,0.002,220.463,19.48,7.656,247.599,334.259
1985 May,227.858,7.911,255.881,349.644,91.284,2.473,0.005,0.001,227.858,20.111,7.911,255.881,349.644
1985 June,220.471,7.656,247.643,332.457,82.425,2.382,0.005,0.001,220.471,19.517,7.656,247.643,332.457
1985 July,228.091,7.911,256.159,332.393,73.612,2.619,0.004,0,228.091,20.156,7.911,256.159,332.393
1985 August,228.276,7.911,256.301,328.026,68.98,2.737,0.007,0.001,228.276,20.113,7.911,256.301,328.026
1985 September,221.006,7.656,247.997,315.367,64.761,2.602,0.005,0.003,221.006,19.334,7.656,247.997,315.367
1985 October,228.287,7.911,256.175,327.776,69.105,2.491,0.003,0.002,228.287,19.977,7.911,256.175,327.776
1985 November,220.962,7.656,248.07,330.222,79.075,3.075,0.001,0.001,220.962,19.452,7.656,248.07,330.222
1985 December,228.29,7.911,256.246,346.947,87.328,3.372,0.001,0,228.29,20.044,7.911,256.246,346.947
1986 January,217.84,9.096,249.178,326.552,73.934,3.438,0.002,0.001,217.84,22.242,9.096,249.178,326.552
1986 February,196.536,8.216,224.922,307.952,80.075,2.953,0.002,0.001,196.536,20.171,8.216,224.922,307.952
1986 March,217.379,9.096,248.837,349.995,98.081,3.071,0.003,0.002,217.379,22.362,9.096,248.837,349.995
1986 April,210.372,8.803,240.788,338.487,94.922,2.769,0.005,0.002,210.372,21.613,8.803,240.788,338.487
1986 May,217.424,9.096,248.822,345.587,93.958,2.798,0.006,0.003,217.424,22.302,9.096,248.822,345.587
1986 June,210.444,8.803,240.837,334.442,90.562,3.036,0.005,0.002,210.444,21.591,8.803,240.837,334.442
1986 July,217.598,9.096,249.011,335.334,83.094,3.221,0.006,0.002,217.598,22.317,9.096,249.011,335.334
1986 August,217.76,9.096,249.176,325.501,73.104,3.214,0.006,0.002,217.76,22.32,9.096,249.176,325.501
1986 September,210.699,8.803,241.074,316.539,72.767,2.693,0.005,0,210.699,21.572,8.803,241.074,316.539
1986 October,217.574,9.096,248.974,325.125,73.498,2.647,0.004,0.001,217.574,22.304,9.096,248.974,325.125
1986 November,210.647,8.803,241.122,323.172,79.755,2.291,0.003,0,210.647,21.673,8.803,241.122,323.172
1986 December,217.863,9.096,249.352,341.787,89.397,3.038,0.001,0,217.863,22.393,9.096,249.352,341.787
1987 January,209.176,10.423,244.137,334.89,87.702,3.051,0,0,209.176,24.537,10.423,244.137,334.89
1987 February,188.924,9.415,220.511,296.606,73.264,2.829,0.002,0,188.924,22.172,9.415,220.511,296.606
1987 March,209.117,10.423,244.157,327.541,80.279,3.102,0.003,0,209.117,24.616,10.423,244.157,327.541
1987 April,202.254,10.087,236.139,315.231,76.163,2.924,0.004,0,202.254,23.798,10.087,236.139,315.231
1987 May,208.99,10.423,244.007,330.797,83.712,3.072,0.004,0.001,208.99,24.593,10.423,244.007,330.797
1987 June,202.596,10.087,236.522,311.957,72.271,3.155,0.006,0.003,202.596,23.839,10.087,236.522,311.957
1987 July,209.335,10.423,244.359,317.495,69.864,3.262,0.006,0.004,209.335,24.601,10.423,244.359,317.495
1987 August,209.365,10.423,244.396,311.395,63.744,3.25,0.004,0.001,209.365,24.608,10.423,244.396,311.395
1987 September,202.52,10.087,236.298,302.09,62.756,3.032,0.003,0.001,202.52,23.691,10.087,236.298,302.09
1987 October,209.112,10.423,244.059,309.095,61.964,3.07,0.002,0,209.112,24.523,10.423,244.059,309.095
1987 November,202.462,10.087,236.197,297.439,58.272,2.968,0.001,0,202.462,23.648,10.087,236.197,297.439
1987 December,209.308,10.423,244.104,319.908,72.753,3.049,0.001,0.001,209.308,24.373,10.423,244.104,319.908
1988 January,218.368,10.508,255.331,334.583,76.171,3.078,0.002,0.002,218.368,26.455,10.508,255.331,334.583
1988 February,204.246,9.83,238.853,307.533,66.029,2.648,0.003,0,204.246,24.778,9.83,238.853,307.533
1988 March,218.351,10.508,255.385,326.015,67.539,3.087,0.004,0,218.351,26.526,10.508,255.385,326.015
1988 April,211.122,10.169,247.241,316.232,66.195,2.794,0.002,0,211.122,25.95,10.169,247.241,316.232
1988 May,217.825,10.508,255.188,331.539,73.601,2.747,0.004,0,217.825,26.855,10.508,255.188,331.539
1988 June,211.242,10.169,247.34,315.603,65.346,2.913,0.005,0,211.242,25.929,10.169,247.34,315.603
1988 July,218.272,10.508,255.582,317.391,58.636,3.169,0.004,0,218.272,26.802,10.508,255.582,317.391
1988 August,218.415,10.508,255.815,315.766,56.923,3.024,0.004,0,218.415,26.893,10.508,255.815,315.766
1988 September,211.218,10.169,247.357,306.5,56.241,2.899,0.003,0,211.218,25.97,10.169,247.357,306.5
1988 October,218.198,10.508,255.517,310.737,52.265,2.954,0,0,218.198,26.811,10.508,255.517,310.737
1988 November,211.191,10.169,247.096,313.792,63.762,2.933,0,0,211.191,25.737,10.169,247.096,313.792
1988 December,218.215,10.508,255.345,326.992,68.748,2.898,0,0,218.215,26.623,10.508,255.345,326.992
1989 January,231.17,10.649,266.572,348.321,73.277,5.154,2.821,0.497,231.17,24.753,10.649,266.572,348.321
1989 February,211.272,9.618,243.927,317.572,65.188,4.654,3.041,0.763,211.272,23.037,9.618,243.927,317.572
1989 March,236.6,10.649,268.315,358.115,79.268,5.438,4.22,0.873,236.6,21.067,10.649,268.315,358.115
1989 April,218.29,10.305,251.946,346.511,84.295,4.797,4.66,0.812,218.29,23.351,10.305,251.946,346.511
1989 May,200.711,10.649,241.235,350.304,98.2,5.064,5.109,0.697,200.711,29.876,10.649,241.235,350.304
1989 June,208.439,10.305,248.447,349.753,90.614,4.984,5.175,0.534,208.439,29.704,10.305,248.447,349.753
1989 July,217.404,10.649,261.318,351.72,79.373,5.069,5.476,0.485,217.404,33.265,10.649,261.318,351.72
1989 August,234.088,10.649,276.985,358.32,70.675,4.919,5.389,0.352,234.088,32.249,10.649,276.985,358.32
1989 September,220.479,10.305,264.811,341.553,66.237,4.609,4.941,0.956,220.479,34.027,10.305,264.811,341.553
1989 October,230.492,10.649,276.462,356.682,70.285,4.835,4.501,0.599,230.492,35.321,10.649,276.462,356.682
1989 November,231.613,10.305,276.819,359.731,74.172,4.623,3.697,0.419,231.613,34.901,10.305,276.819,359.731
1989 December,239.066,10.649,282.52,367.555,76.402,4.948,3.465,0.219,239.066,32.806,10.649,282.52,367.555
1990 January,193.411,9.416,236.692,329.327,83.078,5.514,3.015,1.028,193.411,33.865,9.416,236.692,329.327
1990 February,186.722,8.505,226.266,321.465,86.122,5.032,3.256,0.789,186.722,31.039,8.505,226.266,321.465
1990 March,199.565,9.416,244.248,353.956,98.841,5.54,4.489,0.837,199.565,35.267,9.416,244.248,353.956
1990 April,190.159,9.112,232.64,334.136,90.589,4.526,4.946,1.434,190.159,33.369,9.112,232.64,334.136
1990 May,166.803,9.416,210.108,317.791,95.753,5.22,5.515,1.195,166.803,33.889,9.416,210.108,317.791
1990 June,134.939,9.112,178.544,289.276,98.444,5.368,5.534,1.387,134.939,34.493,9.112,178.544,289.276
1990 July,176.618,9.416,219.713,315.872,84.49,5.43,5.832,0.406,176.618,33.679,9.416,219.713,315.872
1990 August,201.445,9.416,245.632,332.58,75.559,5.369,5.781,0.239,201.445,34.771,9.416,245.632,332.58
1990 September,196.099,9.112,239.932,311.965,61.422,5.072,5.228,0.311,196.099,34.72,9.112,239.932,311.965
1990 October,190.414,9.416,235.437,312.873,66.657,5.305,4.782,0.693,190.414,35.607,9.416,235.437,312.873
1990 November,177.629,9.112,220.256,301.883,71.863,5.092,3.884,0.789,177.629,33.515,9.112,220.256,301.883
1990 December,202.362,9.416,245.644,341.584,86.44,5.394,3.7,0.406,202.362,33.866,9.416,245.644,341.584
1991 January,221.773,10.871,269.531,370.278,91.732,5.679,3.125,0.212,221.773,36.887,10.871,269.531,370.278
1991 February,161.586,9.819,204.535,292.511,78.638,4.981,3.369,0.989,161.586,33.129,9.819,204.535,292.511
1991 March,165.815,10.871,214.374,317.683,92.384,5.658,4.561,0.707,165.815,37.688,10.871,214.374,317.683
1991 April,142.348,10.521,190.452,293.309,91.874,5.144,5.026,0.813,142.348,37.583,10.521,190.452,293.309
1991 May,156.299,10.871,206.579,320.12,101.296,5.27,5.739,1.237,156.299,39.409,10.871,206.579,320.12
1991 June,161.835,10.521,209.721,313.437,91.854,5.528,5.803,0.53,161.835,37.366,10.521,209.721,313.437
1991 July,163.21,10.871,210.055,309.257,86.984,5.556,6.133,0.53,163.21,35.974,10.871,210.055,309.257
1991 August,201.887,10.871,250.834,340.813,77.658,5.51,6.035,0.777,201.887,38.076,10.871,250.834,340.813
1991 September,220.843,10.521,267.735,345.122,65.997,5.196,5.487,0.707,220.843,36.371,10.521,267.735,345.122
1991 October,204.17,10.871,249.408,324.454,63.197,5.465,4.935,1.448,204.17,34.366,10.871,249.408,324.454
1991 November,194.094,10.521,241.541,318.757,66.085,5.647,4.034,1.448,194.094,36.927,10.521,241.541,318.757
1991 December,220.221,10.871,267.033,355.69,78.349,5.845,3.792,0.671,220.221,35.94,10.871,267.033,355.69
1992 January,225.223,12.282,279.197,366.577,77.844,5.828,3.196,0.512,225.223,41.692,12.282,279.197,366.577
1992 February,179.107,11.489,230.468,305.537,64.67,5.188,3.451,1.759,179.107,39.871,11.489,230.468,305.537
1992 March,169.584,12.282,221.177,311.299,78.408,5.842,4.752,1.12,169.584,39.312,12.282,221.177,311.299
1992 April,162.501,11.886,210.172,292.073,70.18,5.351,5.284,1.088,162.501,35.785,11.886,210.172,292.073
1992 May,136.512,12.282,190.537,282.361,79.98,5.641,5.883,0.32,136.512,41.743,12.282,190.537,282.361
1992 June,178.938,11.886,230.985,323.546,80.819,5.556,5.931,0.256,178.938,40.161,11.886,230.985,323.546
1992 July,196.218,12.282,250.15,333.005,70.671,5.654,6.274,0.256,196.218,41.651,12.282,250.15,333.005
1992 August,216.248,12.282,269.662,347.51,65.474,5.689,6.205,0.48,216.248,41.132,12.282,269.662,347.51
1992 September,199.5,11.886,251.511,324.027,60.474,5.326,5.628,1.088,199.5,40.125,11.886,251.511,324.027
1992 October,219.054,12.282,269.545,340.565,59.474,5.6,5.115,0.832,219.054,38.209,12.282,269.545,340.565
1992 November,220.592,11.886,264.383,345.048,69.964,5.554,4.187,0.96,220.592,31.905,11.886,264.383,345.048
1992 December,209.993,12.282,263.891,360.2,85.579,5.633,3.914,1.184,209.993,41.616,12.282,263.891,360.2
1993 January,212.917,14.701,274.257,373.255,88.873,5.993,3.288,0.844,212.917,46.639,13.931,273.487,372.485
1993 February,190.799,12.587,240.964,322.185,71.73,5.752,3.57,0.169,190.799,37.578,12.979,241.356,322.577
1993 March,202.466,14.83,263.204,359.855,83.868,6.057,4.954,1.773,202.466,45.908,15.052,263.426,360.077
1993 April,176.447,14.208,226.859,330.605,90.98,5.985,5.515,1.266,176.447,36.205,13.434,226.086,329.831
1993 May,141.057,14.454,196.012,313.546,104.743,5.472,6.053,1.266,141.057,40.502,13.452,195.01,312.544
1993 June,142.881,13.992,197.445,304.45,95.182,5.471,6.058,0.295,142.881,40.571,13.51,196.963,303.968
1993 July,159.077,13.875,212.707,309.916,84.36,5.939,6.445,0.464,159.077,39.755,13.684,212.516,309.725
1993 August,215.249,12.088,262.322,346.577,71.587,6.014,6.401,0.253,215.249,34.984,11.273,261.507,345.762
1993 September,197.49,13.21,250.551,324.882,62.245,5.803,5.818,0.464,197.49,39.852,13.744,251.085,325.416
1993 October,203.03,14.46,257.383,331.48,62.087,5.796,5.243,0.971,203.03,39.893,14.617,257.54,331.637
1993 November,209.594,14.96,262.183,338.485,64.729,5.715,4.297,1.562,209.594,37.629,16.607,263.83,340.132
1993 December,208.767,15.97,264.559,352.074,76.662,5.886,4.039,0.929,208.767,39.822,16.778,265.367,352.882
1994 January,252.903,16.599,306.708,388.854,72.773,5.941,3.432,0,252.903,37.205,17.536,307.644,389.79
1994 February,194.065,13.272,244.594,323.751,69.738,5.397,3.68,0.343,194.065,37.257,13.875,245.198,324.355
1994 March,202.598,15.795,261.461,354.509,80.508,5.537,5.137,1.865,202.598,43.069,16.083,261.749,354.797
1994 April,183.168,13.315,236.035,332.955,84.264,5.608,5.64,1.408,183.168,39.552,13.977,236.697,333.618
1994 May,141.247,15.12,202.48,303.865,88.353,5.56,6.216,1.256,141.247,46.113,14.957,202.317,303.702
1994 June,156.533,14.26,215.744,313.708,85.343,5.073,6.292,1.256,156.533,44.95,13.657,215.14,313.104
1994 July,216.33,14.635,274.451,366.741,79.712,5.347,6.584,0.647,216.33,43.487,14.302,274.118,366.408
1994 August,193.374,15.187,251.577,333.54,69.257,5.777,6.471,0.457,193.374,43.016,15.43,251.82,333.782
1994 September,180.928,17.765,238.967,307.933,56.561,5.39,5.949,1.066,180.928,40.274,14.752,235.954,304.919
1994 October,209.489,16.114,271.599,343.569,59.757,5.538,5.458,1.218,209.489,45.995,17.616,273.101,345.071
1994 November,198.716,17.753,261.436,338.304,65.325,5.454,4.415,1.675,198.716,44.967,17.406,261.089,337.957
1994 December,194.468,18.576,262.482,348.732,75.959,5.584,4.136,0.571,194.468,49.439,18.801,262.708,348.958
1995 January,181.661,18.455,243.462,336.872,84.852,5.125,3.415,0.019,181.661,43.345,17.366,242.373,335.783
1995 February,151.839,16.773,206.657,299.81,85.447,3.934,3.692,0.08,151.839,38.045,15.809,205.693,298.846
1995 March,181.966,18.162,239.82,346.752,97.479,4.332,5.105,0.016,181.966,39.692,18.363,240.022,346.954
1995 April,202.143,17.599,267.571,361.046,83.847,3.87,5.735,0.023,202.143,47.829,17.318,267.29,360.765
1995 May,174.718,17.171,227.439,333.643,94.791,3.649,6.37,1.394,174.718,35.551,15.558,225.827,332.03
1995 June,164.965,16.388,226.934,342.092,103.128,3.858,6.471,1.701,164.965,45.581,17.411,227.957,343.116
1995 July,234.038,15.354,294.251,400.977,93.729,4.132,6.75,2.115,234.038,44.859,14.341,293.238,399.964
1995 August,240.237,14.663,301.628,399.583,83.175,6.243,6.674,1.862,240.237,46.729,12.71,299.676,397.631
1995 September,208.217,15.073,268.791,349.815,68.333,4.69,6.047,1.955,208.217,45.502,15.114,268.833,349.856
1995 October,227.438,15.905,292.175,384.663,78.993,7.148,5.471,0.876,227.438,48.833,18.294,294.565,387.053
1995 November,203.6,14.993,267.659,366.2,87.148,6.492,4.473,0.427,203.6,49.066,19.828,272.494,371.034
1995 December,199.049,17.201,262.694,373.129,99.64,6.275,4.192,0.329,199.049,46.444,17.684,263.176,373.611
1996 January,215.337,16.092,272.584,385.971,104.821,4.591,3.472,0.503,215.337,41.154,17.095,273.586,386.973
1996 February,169.485,12.825,226.038,343.243,108.488,4.575,3.76,0.382,169.485,43.729,14.424,227.637,344.842
1996 March,196.558,14.13,259.039,385.026,115.603,4.45,5.293,0.64,196.558,48.352,14.816,259.726,385.713
1996 April,149.671,12.051,205.729,325.915,108.647,4.84,5.865,0.834,149.671,44.007,12.103,205.781,325.967
1996 May,176.787,9.009,231.211,356.221,113.485,3.701,6.487,1.336,176.787,45.415,9.88,232.082,357.092
1996 June,197.279,6.717,254.182,375.816,108.928,4.863,6.562,1.282,197.279,50.186,7.258,254.723,376.357
1996 July,221.032,7.528,281.656,395.278,98.519,6.472,6.804,1.826,221.032,53.096,7.434,281.563,395.184
1996 August,241.559,9.052,294.581,398.87,89.62,6.651,6.602,1.416,241.559,43.97,9.132,294.661,398.95
1996 September,201.147,9.753,259.345,347.92,75.536,5.883,5.956,1.199,201.147,48.445,9.056,258.648,347.223
1996 October,241.017,14.983,310.461,400.155,77.094,6.243,5.494,0.863,241.017,54.461,13.457,308.935,398.629
1996 November,230.3,14.166,295.562,387.043,80.374,6.275,4.495,0.337,230.3,51.096,14.073,295.468,386.949
1996 December,196.854,14.977,264.912,378.537,103.4,5.545,4.262,0.417,196.854,53.08,14.061,263.996,377.621
1997 January,219.532,14.553,275.641,397.124,112.458,5.192,3.422,0.411,219.532,41.556,13.881,274.968,396.451
1997 February,169.842,13.867,226.521,342.279,107.528,4.096,3.762,0.372,169.842,42.813,14.02,226.674,342.432
1997 March,191.206,15.957,251.136,381.623,119.397,5.407,5.176,0.507,191.206,43.974,15.683,250.862,381.349
1997 April,189.865,14.195,252.01,374.093,109.441,5.789,5.748,1.106,189.865,47.949,14.063,251.878,373.961
1997 May,200.871,18.01,268.515,398.347,116.635,5.71,6.292,1.196,200.871,49.635,15.981,266.486,396.319
1997 June,172.743,13.393,231.69,362.325,117.564,4.874,6.433,1.764,172.743,45.553,12.665,230.961,361.596
1997 July,195.848,16.795,259.985,382.54,108.011,6.085,6.721,1.738,195.848,47.342,16.639,259.829,382.384
1997 August,204.296,12.415,264.422,370.673,91.802,6.028,6.612,1.809,204.296,47.711,12.495,264.502,370.753
1997 September,193.213,15.398,250.744,343.197,79.836,5.771,5.958,0.888,193.213,42.133,14.652,249.998,342.452
1997 October,239.624,17.797,305.656,402.188,84.394,5.765,5.437,0.937,239.624,48.235,18.834,306.693,403.225
1997 November,203.767,14.924,264.591,355.868,80.9,5.704,4.424,0.248,203.767,45.9,15.167,264.834,356.111
1997 December,190.185,19.012,256.998,355.807,88.252,6.125,4.187,0.244,190.185,47.802,19.549,257.536,356.344
1998 January,218.095,19.477,278.211,386.269,98.328,6.296,3.375,0.059,218.095,40.639,19.047,277.781,385.839
1998 February,158.343,14.054,212.209,323.378,102.347,5.165,3.629,0.028,158.343,39.813,14.668,212.823,323.992
1998 March,179.494,15.307,240.963,360.492,108.119,6.251,5.138,0.021,179.494,46.162,16.458,242.115,361.643
1998 April,178.06,17.467,240.612,348.763,97.61,4.583,5.664,0.293,178.06,45.084,16.07,239.214,347.366
1998 May,186.622,14.75,250.239,374.487,113.264,4.321,6.173,0.489,186.622,48.867,13.976,249.466,373.713
1998 June,128.7,16.033,186.089,309.019,110.348,4.907,6.327,1.348,128.7,41.356,15.135,185.191,308.12
1998 July,184.548,15.64,246.326,358.537,97.785,5.879,6.679,1.868,184.548,46.139,15.376,246.062,358.273
1998 August,191.758,16.269,254.237,354.15,85.678,6.212,6.584,1.438,191.758,46.21,16.221,254.189,354.102
1998 September,186.479,17.262,248.27,332.989,71.06,6.079,5.956,1.623,186.479,44.53,16.908,247.917,332.635
1998 October,202.005,17.655,267.922,345.379,64.434,6.608,5.395,1.019,202.005,48.262,18.484,268.751,346.208
1998 November,171.31,17.794,230.488,309.809,68.31,6.004,4.389,0.618,171.31,41.384,17.35,230.044,309.366
1998 December,198.747,20.766,273.362,370.867,85.937,5.902,4.147,1.519,198.747,53.849,21.342,273.938,371.443
1999 January,210.996,19.158,272.26,383.582,100.724,6.154,3.294,1.15,210.996,42.105,18.586,271.688,383.01
1999 February,162.352,15.417,220.539,328.183,97.902,5.118,3.57,1.054,162.352,42.77,15.313,220.435,328.079
1999 March,149.912,17.696,212.177,334.062,109.456,5.921,4.984,1.524,149.912,44.57,16.867,211.349,333.234
1999 April,183.534,19.152,249.92,355.198,93.28,5.188,5.536,1.274,183.534,47.234,16.77,247.537,352.815
1999 May,222.166,17.388,289.264,401.37,98.936,6.109,6.121,0.94,222.166,49.711,16.077,287.953,400.059
1999 June,173.903,14.336,236.09,353.158,104.294,5.724,6.184,0.866,173.903,47.851,15.636,237.39,354.459
1999 July,203.953,14.275,264.292,379.433,101.288,5.814,6.482,1.556,203.953,46.064,14.23,264.247,379.388
1999 August,197.764,17.11,258.854,360.215,87.778,5.902,6.377,1.304,197.764,43.98,16.624,258.368,359.73
1999 September,181.899,17.877,244.14,328.356,71.283,5.87,5.775,1.288,181.899,44.364,16.972,243.235,327.451
1999 October,164.413,19.309,228.256,308.985,67.908,6.081,5.311,1.428,164.413,44.534,19.844,228.79,309.52
1999 November,192.219,18.101,254.125,337.65,72.21,5.8,4.307,1.209,192.219,43.805,19.651,255.675,339.2
1999 December,171.056,20.99,235.215,332.407,85.198,6.207,4.068,1.72,171.056,43.17,22.398,236.623,333.816
2000 January,160.708,19.339,222.067,319.978,86.468,6.086,3.155,2.202,160.708,42.021,19.713,222.442,320.353
2000 February,185.259,18.258,246.169,334.369,76.714,5.637,3.44,2.409,185.259,42.652,17.294,245.205,333.404
2000 March,195.714,19.502,263.209,366.04,91.11,5.793,4.733,1.194,195.714,47.994,19.973,263.681,366.512
2000 April,187.07,19.985,254.609,364.11,97.207,5.929,5.239,1.126,187.07,47.555,18.611,253.235,362.737
2000 May,184.011,19.973,254.678,361.267,93.56,5.805,5.832,1.392,184.011,50.694,20.077,254.782,361.371
2000 June,167.726,17.673,227.712,326.724,85.931,5.66,5.895,1.525,167.726,42.314,16.306,226.346,325.357
2000 July,191.305,19.912,255.348,351.077,82.333,5.838,6.261,1.296,191.305,44.131,19.246,254.682,350.411
2000 August,194.632,17.661,254.942,343.214,74.999,5.845,6.144,1.284,194.632,42.649,19.402,256.683,344.955
2000 September,180.764,18.729,240.331,312.937,60.736,5.128,5.608,1.134,180.764,40.838,18.906,240.508,313.113
2000 October,206.142,20.697,270.472,341.025,58.639,5.455,5.056,1.404,206.142,43.633,21.918,271.693,342.246
2000 November,200.803,19.9,261.335,339.223,65.377,5.6,4.103,2.808,200.803,40.632,21.464,262.899,340.787
2000 December,207.582,21.518,254.788,333.069,67.181,5.909,3.882,1.309,207.582,25.688,22.801,256.071,334.352
2001 January,175.982,21.638,228.434,303.197,64.323,6.104,3.008,1.328,175.982,30.814,23.739,230.534,305.297
2001 February,155.969,19.67,202.849,272.585,59.617,5.386,3.261,1.471,155.969,27.21,20.084,203.263,272.999
2001 March,168.14,21.192,219.649,301.844,69.868,5.97,4.542,1.816,168.14,30.317,21.55,220.006,302.202
2001 April,163.973,19.537,213.628,288.028,61.46,5.584,5.02,2.336,163.973,30.118,18.71,212.8,287.2
2001 May,161.457,20.222,211.506,290.338,65.427,5.565,5.672,2.167,161.457,29.828,19.576,210.861,289.692
2001 June,163.772,20.044,213.95,298.272,70.723,5.559,5.755,2.285,163.772,30.134,16.692,210.598,294.92
2001 July,169.421,21.023,221.842,297.654,61.686,5.93,6.029,2.167,169.421,31.398,23.398,224.217,300.029
2001 August,173.357,21.283,225.897,304.239,64.534,5.892,5.947,1.969,173.357,31.258,18.938,223.552,301.895
2001 September,163.666,21.008,214.229,279.069,52.054,5.734,5.38,1.673,163.666,29.555,20.372,213.593,278.433
2001 October,174.181,22.657,227.319,292.015,51.98,5.873,4.773,2.071,174.181,30.481,25.014,229.675,294.372
2001 November,166.005,22.961,219.773,283.668,52.589,5.796,3.905,1.605,166.005,30.807,22.206,219.018,282.914
2001 December,169.916,23.218,225.088,302.843,66.01,5.97,3.675,2.101,169.916,31.954,22.369,224.239,301.994
2002 January,169.367,25.334,228.396,314.861,74.364,6.41,2.923,2.769,169.367,33.695,23.789,226.851,313.316
2002 February,148.458,20.747,198.932,279.136,68.894,5.685,3.189,2.436,148.458,29.727,21.185,199.37,279.574
2002 March,159.644,24.003,217.568,302.856,71.682,6.264,4.435,2.907,159.644,33.921,21.037,214.601,299.89
2002 April,158.336,22.916,212.852,309.709,82.729,5.755,4.877,3.495,158.336,31.601,22.43,212.366,309.223
2002 May,168.013,24.238,225.155,331.378,90.973,6.165,5.408,3.677,168.013,32.904,23.838,224.755,330.978
2002 June,159.326,22.416,215.107,326.674,96.262,5.878,5.585,3.843,159.326,33.365,21.848,214.539,326.107
2002 July,176.434,24.015,235.713,337.792,86.906,6.323,5.812,3.038,176.434,35.264,24.563,236.261,338.34
2002 August,163.556,25.418,224.4,311.593,71.938,6.203,5.719,3.332,163.556,35.426,24.98,223.963,311.155
2002 September,171.211,26.251,230.855,302.858,58.3,6.029,5.162,2.511,171.211,33.394,25.367,229.971,301.973
2002 October,180.316,29.849,243.767,315.739,58.589,6.231,4.647,2.506,180.316,33.603,29.756,243.674,315.646
2002 November,166.492,30.001,230.328,309.716,67.319,6.01,3.821,2.238,166.492,33.835,32.207,232.533,311.921
2002 December,174.133,32.931,242.334,328.629,73.933,6.235,3.551,2.577,174.133,35.27,32.335,241.737,328.033
2003 January,169.564,33.05,237.044,318.956,70.287,6.618,2.848,2.158,169.564,34.431,30.723,234.717,316.629
2003 February,153.718,28.469,212.693,291.767,67.489,5.959,3.083,2.543,153.718,30.507,31.894,216.118,295.192
2003 March,166.337,32.649,233.288,330.201,82.578,6.465,4.334,3.535,166.337,34.303,30.555,231.195,328.108
2003 April,162.813,32.368,228.516,327.749,84.478,6.232,4.795,3.729,162.813,33.334,32.588,228.736,327.968
2003 May,163.891,32.625,229.756,345.099,100.297,6.315,5.298,3.434,163.891,33.24,32.694,229.825,345.168
2003 June,162.635,32.703,228.254,341.209,97.536,6.424,5.421,3.573,162.635,32.915,31.844,227.395,340.349
2003 July,174.308,33.241,242.533,342.647,84.765,6.517,5.579,3.253,174.308,34.984,32.473,241.766,341.879
2003 August,171.772,33.6,239.928,333.101,78.381,6.488,5.522,2.782,171.772,34.556,34.451,240.779,333.952
2003 September,164.17,34.169,230.968,308.47,63.055,6.358,5.034,3.054,164.17,32.628,32.475,229.274,306.776
2003 October,169.075,35.036,236.938,313.818,62.878,6.406,4.535,3.061,169.075,32.827,35.228,237.129,314.009
2003 November,166.306,34.893,233.698,314.096,67.268,6.18,3.669,3.28,166.306,32.498,37.877,236.682,317.08
2003 December,177.447,38.591,251.16,347.074,82.039,6.653,3.452,3.77,177.447,35.123,40.285,252.855,348.768
2004 January,183.985,39.269,255.574,347.154,78.419,6.942,2.809,3.41,183.985,32.32,40.19,256.495,348.075
2004 February,168.663,36.894,236.689,321.055,71.357,6.504,3.019,3.486,168.663,31.132,38.748,238.543,322.908
2004 March,175.736,39.846,248.532,342.168,78.184,6.758,4.289,4.406,175.736,32.949,39.945,248.63,342.267
2004 April,175.957,39.105,247.253,334.068,71.27,6.405,4.722,4.418,175.957,32.191,40.264,248.412,335.227
2004 May,169.777,41.089,244.383,344.066,81.955,6.644,5.278,5.806,169.777,33.517,41.67,244.964,344.647
2004 June,171.743,39.836,244.075,346.968,86.161,6.621,5.343,4.767,171.743,32.495,42.516,246.754,349.647
2004 July,183.591,40.447,257.042,353.034,79.562,6.883,5.575,3.973,183.591,33.003,40.597,257.191,353.184
2004 August,179.526,41.803,254.446,344.004,73.672,6.813,5.488,3.585,179.526,33.116,41.745,254.388,343.947
2004 September,171.017,40.538,243.019,328.252,70.032,6.497,4.986,3.718,171.017,31.463,41.372,243.852,329.085
2004 October,179.681,41.982,253.52,332.739,64.36,6.879,4.47,3.511,179.681,31.857,43.223,254.761,333.981
2004 November,173.661,41.609,247.286,332.106,71.437,6.578,3.625,3.181,173.661,32.016,42.508,248.184,333.005
2004 December,187.914,43.302,264.199,367.856,89.431,6.81,3.418,3.999,187.914,32.983,45,265.897,369.554
2005 January,185.551,45.102,264.707,361.269,82.817,7.143,2.742,3.861,185.551,34.054,46.014,265.619,362.181
2005 February,175.761,41.376,247.271,333.479,73.722,6.22,2.968,3.298,175.761,30.134,41.146,247.041,333.249
2005 March,180.584,45.51,260.043,354.763,78.258,6.98,4.158,5.325,180.584,33.949,44.966,259.499,354.219
2005 April,171.578,43.143,246.929,342.863,78.675,6.829,4.638,5.792,171.578,32.208,42.537,246.323,342.257
2005 May,176.617,44.487,255.79,367.186,93.074,7.185,5.178,5.959,176.617,34.686,45.383,256.686,368.082
2005 June,173.219,45.082,252.466,362.264,91.384,7.036,5.247,6.131,173.219,34.165,47.73,255.114,364.912
2005 July,182.702,48.33,266.332,372.396,88.565,7.213,5.438,4.848,182.702,35.3,49.025,267.028,373.092
2005 August,182.796,48.584,266.097,356.107,73.582,7.149,5.396,3.883,182.796,34.718,51.217,268.73,358.74
2005 September,174.501,47.316,255.348,331.447,59.245,6.95,4.894,5.01,174.501,33.531,47.804,255.836,331.935
2005 October,178.567,50.269,261.121,339.018,61.438,7.126,4.399,4.934,178.567,32.286,51.536,262.388,340.286
2005 November,173.209,49.787,256.532,338.541,66.031,6.939,3.547,5.492,173.209,33.536,51.832,258.577,340.586
2005 December,181.612,52.284,268.55,360.826,75.546,7.159,3.335,6.237,181.612,34.653,54.823,271.089,363.365
2006 January,187.674,54.188,276.647,388.583,93.614,7.312,2.881,8.13,187.674,34.785,52.761,275.22,387.157
2006 February,164.912,51.185,247.274,348.049,84.487,6.605,3.124,6.558,164.912,31.177,48.955,245.044,345.819
2006 March,175.5,56.829,265.069,368.883,84.019,7.421,4.327,8.048,175.5,32.74,55.374,263.614,367.428
2006 April,166.537,52.99,250.384,367.94,97.432,6.869,4.821,8.434,166.537,30.858,54.87,252.265,369.82
2006 May,171.132,56.266,261.125,386.89,105.153,6.855,5.368,8.389,171.132,33.727,62.992,267.851,393.615
2006 June,170.346,59.32,261.96,383.011,101.532,7.108,5.41,7.001,170.346,32.295,69,271.64,392.691
2006 July,180.235,60.456,274.809,381.34,86.799,7.421,5.64,6.671,180.235,34.118,65.85,280.203,386.734
2006 August,179.396,63.872,277.063,370.019,74.137,7.515,5.657,5.647,179.396,33.794,69.551,282.741,375.697
2006 September,173.115,62.519,267.952,345.317,58.691,7.177,5.085,6.412,173.115,32.318,68.463,273.896,351.261
2006 October,177.454,64.739,275.12,353.69,58.192,7.468,4.577,8.333,177.454,32.927,72.077,282.458,361.028
2006 November,172.741,64.175,270.475,359.164,69.167,7.136,3.718,8.668,172.741,33.56,70.949,277.249,365.938
2006 December,180.279,69.095,283.636,376.761,73.685,7.519,3.487,8.433,180.279,34.262,75.418,289.959,383.083
2007 January,182.455,71.627,290.845,399.004,88.865,7.911,3.016,8.367,182.455,36.763,76.469,295.687,403.846
2007 February,162.893,66.107,261.666,343.865,63.349,6.983,3.269,8.598,162.893,32.666,69.09,264.65,346.849
2007 March,174.64,73.657,285.146,390.167,82.446,7.599,4.579,10.397,174.64,36.85,75.945,287.435,392.456
2007 April,173.47,72.575,278.386,383.102,81.515,7.329,5.051,10.822,173.47,32.341,71.828,277.639,382.355
2007 May,173.553,78.629,286.01,398.044,88.872,7.431,5.658,10.073,173.553,33.828,77.982,285.363,397.397
2007 June,170.164,78.428,281.995,382.096,77.85,7.603,5.707,8.941,170.164,33.402,80.617,284.184,384.285
2007 July,178.134,83.124,295.653,393.45,76.694,7.757,5.981,7.364,178.134,34.395,82.563,295.092,392.889
2007 August,174.785,86.362,295.523,386.428,68.037,7.771,5.886,9.21,174.785,34.377,86.584,295.746,386.651
2007 September,169.547,84.913,287.603,360.587,50.302,7.533,5.367,9.781,169.547,33.143,83.95,286.64,359.623
2007 October,174.97,89.501,299.416,374.075,50.485,7.805,4.848,11.521,174.97,34.945,92.473,302.388,377.047
2007 November,172.532,90.469,297.828,373.327,53.507,7.51,3.922,10.56,172.532,34.827,88.647,296.006,371.505
2007 December,181.632,94.677,312.007,397.97,62.582,7.81,3.662,11.909,181.632,35.698,96.665,313.995,399.957
2008 January,195.336,99.696,331.138,427.86,70.898,8.038,3.206,14.58,195.336,36.106,95.746,327.188,423.909
2008 February,169.281,95.947,300.535,388.671,64.108,7.368,3.518,13.142,169.281,35.307,95.403,299.991,388.128
2008 March,175.228,108.172,321.487,424.851,73.934,8.181,4.933,16.316,175.228,38.088,100.607,313.922,417.287
2008 April,171.485,106.434,314.073,421.184,75.862,7.943,5.478,17.829,171.485,36.154,105.611,313.25,420.361
2008 May,172.47,115.872,324.185,449.522,92.879,8.209,6.029,18.221,172.47,35.843,111.983,320.296,445.634
2008 June,167.713,110.288,313.335,444.695,99.553,8.087,6.181,17.539,167.713,35.334,108.741,311.788,443.148
2008 July,173.963,119.214,330.507,446.062,87.194,8.276,6.408,13.677,173.963,37.33,118.887,330.18,445.735
2008 August,171.954,125.23,333.607,431.761,72.434,8.256,6.326,11.138,171.954,36.423,123.463,331.84,429.994
2008 September,164.058,120.382,318.84,398.411,55.2,7.996,5.758,10.616,164.058,34.4,121.277,319.736,399.306
2008 October,169.452,124.307,330.125,412.573,52.783,8.27,5.166,16.229,169.452,36.366,126.128,331.946,414.393
2008 November,166.136,124.69,327.317,409.976,53.459,7.995,4.167,17.038,166.136,36.491,122.252,324.878,407.538
2008 December,161.91,123.769,323.102,428.996,71.179,8.216,3.926,22.573,161.91,37.422,127.044,326.377,432.271
2009 January,162.356,118.534,318.353,431.011,80.149,8.958,3.247,20.304,162.356,37.463,113.896,313.715,426.373
2009 February,150.552,109.634,294.389,386.812,60.775,8.104,3.578,19.968,150.552,34.203,101.386,286.141,378.565
2009 March,159.501,119.507,319.356,432.104,74.475,8.998,5.053,24.222,159.501,40.348,117.49,317.339,430.087
2009 April,151.432,115.45,303.489,431.059,87.927,8.584,5.614,25.446,151.432,36.607,119.403,307.442,435.012
2009 May,156.528,125.507,319.032,456.231,100.858,8.775,6.2,21.366,156.528,36.998,129.748,323.274,460.473
2009 June,158.244,126.318,321.739,455.356,99.744,8.538,6.229,19.105,158.244,37.176,128.286,323.707,457.323
2009 July,167.558,137.683,343.841,455.962,79.789,8.844,6.582,16.906,167.558,38.599,137.62,343.778,455.899
2009 August,170.874,139.431,348.551,449.335,66.808,8.83,6.501,18.645,170.874,38.246,139.782,348.901,449.686
2009 September,161.716,134.584,332.374,421.927,59.228,8.565,5.892,15.868,161.716,36.075,132.892,330.682,420.236
2009 October,165.592,142.871,346.472,450.94,67.186,8.727,5.307,23.248,165.592,38.01,143.407,347.009,451.477
2009 November,162.144,147.495,348.333,456.527,71.678,8.758,4.3,23.458,162.144,38.694,142.409,343.246,451.441
2009 December,168.514,152.906,360.689,481.882,84.378,9.228,4.023,23.563,168.514,39.268,146.999,354.782,475.975
2010 January,187.178,150.936,377.071,489.844,76.371,9.529,3.485,23.387,187.178,38.958,141.158,367.294,480.067
2010 February,171.797,140.823,347.952,449.09,70.252,8.519,3.833,18.533,171.797,35.332,134.986,342.116,443.254
2010 March,187.22,156.949,384.094,499.56,71.262,9.512,5.386,29.306,187.22,39.925,147.746,374.892,490.357
2010 April,179.128,150.611,368.922,482.552,65.158,9.122,6.033,33.316,179.128,39.183,147.271,365.582,479.212
2010 May,181.788,155.303,376.012,507.544,85.57,9.525,6.76,29.676,181.788,38.921,153.704,374.413,505.945
2010 June,182.446,151.148,372.328,517.75,101.861,9.202,6.895,27.463,182.446,38.734,153.3,374.48,519.901
2010 July,189.157,156.691,385.443,508.593,83.651,9.399,7.158,22.942,189.157,39.595,157.123,385.875,509.025
2010 August,190.522,158.933,389.064,497.073,68.647,9.478,7.072,22.812,190.522,39.609,157.37,387.501,495.511
2010 September,184.923,154.972,377.355,476.105,58.909,9.164,6.433,24.244,184.923,37.46,151.704,374.086,472.836
2010 October,185.667,161.893,386.771,489.125,60.334,9.223,5.693,27.104,185.667,39.211,159.105,383.983,486.337
2010 November,183.819,162.58,386.602,500.488,66.744,9.163,4.721,33.259,183.819,40.202,156.074,380.095,493.982
2010 December,193.095,167.041,400.917,524.855,79.053,9.591,4.384,30.91,193.095,40.781,161.443,395.319,519.257
2011 January,193.637,168.537,400.71,530.909,87.112,9.989,3.924,29.174,193.637,38.536,152.681,384.854,515.053
2011 February,173.103,150.443,359.327,490.715,82.336,9.017,4.374,35.661,173.103,35.781,143.489,352.374,483.761
2011 March,186.444,170.005,394.959,553.169,106.231,9.957,6.043,35.978,186.444,38.511,159.375,384.329,542.539
2011 April,175.84,161.958,373.481,538.506,106.435,9.447,6.76,42.383,175.84,35.683,152.763,364.286,529.311
2011 May,177.915,170.159,385.273,554.011,111.187,9.889,7.496,40.167,177.915,37.199,163.997,379.11,547.848
2011 June,184.151,167.467,389.673,553.885,109.7,9.363,7.667,37.481,184.151,38.056,166.881,389.087,553.298
2011 July,189.298,170.816,399.454,549.374,106.743,9.723,7.903,25.551,189.298,39.34,161.191,389.828,539.749
2011 August,189.485,173.999,402.931,534.036,87.905,9.742,7.958,25.5,189.485,39.447,173.499,402.432,533.537
2011 September,183.603,165.886,387.218,500.175,72.94,9.401,7.178,23.437,183.603,37.73,159.099,380.432,493.388
2011 October,182.755,175.396,397.994,517.691,67.515,9.763,6.507,35.913,182.755,39.843,166.454,389.052,508.749
2011 November,183.367,177.173,400.892,528.71,70.562,9.557,5.259,42.44,183.367,40.352,166.258,389.976,517.794
2011 December,193.623,185.585,420.525,552.823,80.973,9.912,5.056,36.358,193.623,41.317,175.792,410.732,543.031
2012 January,184.808,176.18,399.385,539.035,78.842,9.689,4.607,46.514,184.808,38.397,155.006,378.211,517.861
2012 February,173.569,163.132,373.028,494.125,69.207,9.103,5.077,37.709,173.569,36.328,151.441,361.337,482.433
2012 March,177.467,170.729,388.074,541.244,88.4,9.763,7.148,47.858,177.467,39.878,163.671,381.016,534.186
2012 April,168.213,163.535,368.981,519.621,89.716,9.464,8.096,43.364,168.213,37.232,159.812,365.258,515.898
2012 May,177.25,171.87,387.318,546.977,97.728,9.828,9.316,42.788,177.25,38.198,169.175,384.623,544.283
2012 June,176.385,164.401,377.792,528.771,90.96,9.564,9.605,40.85,176.385,37.006,164.569,377.961,528.939
2012 July,183.79,156.766,379.862,520.168,90.388,9.884,9.934,30.099,183.79,39.306,157.657,380.753,521.059
2012 August,185.198,161.795,386.269,513.269,78.592,9.827,9.685,28.896,185.198,39.276,167.16,391.634,518.634
2012 September,179.203,150.489,366.955,475.61,60.064,9.64,8.96,29.99,179.203,37.263,149.452,365.918,474.573
2012 October,180.24,152.97,373.976,491.516,56.3,9.913,8.214,43.113,180.24,40.766,158.729,379.735,497.275
2012 November,178.719,149.512,368.902,489.078,63.915,9.801,6.715,39.745,178.719,40.671,149.976,369.367,489.543
2012 December,186.371,154.363,383.017,527.556,78.42,10.122,6.439,49.557,186.371,42.283,152.468,381.123,525.662
2013 January,199.658,150.623,391.713,542.692,84.715,10.108,5.869,50.288,199.658,41.432,149.653,390.743,541.722
2013 February,179.53,137.729,354.251,487.697,69.668,9.089,6.663,48.026,179.53,36.992,139.735,356.257,489.703
2013 March,195.918,159.758,397.835,541.012,70.063,10.096,9.26,53.758,195.918,42.16,161.574,399.652,542.829
2013 April,185.361,160.339,386.469,551.448,85.631,9.567,10.151,59.629,185.361,40.77,162.337,388.467,553.445
2013 May,193.12,170.191,404.782,578.378,97.072,9.855,11.264,55.406,193.12,41.47,170.652,405.242,578.839
2013 June,192.995,168.462,401.893,563.561,93.434,9.581,11.745,46.909,192.995,40.437,173.842,407.273,568.941
2013 July,204.781,172.708,419.452,572.289,92.993,9.955,12.038,37.851,204.781,41.963,173.028,419.772,572.609
2013 August,202.372,169.115,413.684,542.61,73.813,9.905,12.336,32.871,202.372,42.198,172.446,417.015,545.94
2013 September,190.5,164.898,395.313,514.219,57.871,9.652,11.551,39.832,190.5,39.914,172.656,403.071,521.977
2013 October,195.16,180.356,417.493,543.689,58.682,10.045,10.946,46.523,195.16,41.976,185.584,422.721,548.917
2013 November,195.075,178.452,415.796,548.475,60.313,9.418,9.028,53.921,195.075,42.268,177.403,414.747,547.426
2013 December,203.786,187.472,436.115,574.712,72.09,10.053,8.8,47.656,203.786,44.857,187.428,436.071,574.669
2014 January,204.463,171.833,421.219,574.319,73.815,10.016,8.157,61.113,204.463,44.923,164.852,414.238,567.339
2014 February,185.762,155.798,382.387,507.326,59.356,8.987,8.799,47.798,185.762,40.827,152.659,379.248,504.187
2014 March,203.755,175.544,423.831,589.693,82.765,9.957,12.624,60.515,203.755,44.532,170.205,418.492,584.354
2014 April,192.91,172.314,409.123,583.144,86.801,9.701,13.934,63.584,192.91,43.899,170.104,406.913,580.934
2014 May,196.178,180.975,420.28,589.777,90.568,9.939,15.758,53.232,196.178,43.127,179.197,418.502,587.999
2014 June,200.325,180.247,422.985,590.788,87.838,9.632,16.428,53.906,200.325,42.412,176.124,418.861,586.665
2014 July,206.684,186.037,437.716,588.697,83.107,9.896,16.395,41.583,206.684,44.994,182.491,434.169,585.151
2014 August,207.939,180.371,431.265,560.101,67.582,9.928,16.624,34.702,207.939,42.954,183.09,433.983,562.82
2014 September,195.842,174.842,411.32,530.782,54.846,9.68,15.631,39.305,195.842,40.635,173.602,410.079,529.542
2014 October,200.486,181.966,424.919,557.457,58.547,9.983,14.507,49.501,200.486,42.467,182.914,425.867,558.405
2014 November,198.644,179.89,420.082,569.677,63.548,9.868,11.805,64.374,198.644,41.549,176.28,416.472,566.067
2014 December,208.088,195.329,446.975,593.827,76.186,10.085,10.387,50.195,208.088,43.558,187.064,438.711,585.563
2015 January,202.234,181.675,427.054,581.002,82.36,10.04,9.815,51.733,202.234,43.145,166.886,412.264,566.212
2015 February,182.561,164.888,385.885,533.488,76.04,9.171,11.48,50.912,182.561,38.436,160.592,381.589,529.192
2015 March,192.639,183.132,418.601,579.817,82.846,10.149,15.989,52.231,192.639,42.831,179.015,414.485,575.7
2015 April,187.51,175.482,404.645,569.898,76.671,9.561,18.058,60.963,187.51,41.652,173.571,402.734,567.987
2015 May,193.159,186.805,422.303,579.138,68.668,10.136,19.51,58.52,193.159,42.339,188.596,424.094,580.929
2015 June,190.357,187.421,419.763,564.673,69.653,9.66,19.804,45.793,190.357,41.985,189.441,421.783,566.693
2015 July,199.086,190.746,435.439,584.483,71.701,10.022,20.66,46.661,199.086,45.608,192.173,436.867,585.911
2015 August,199.922,188.213,432.205,572.778,65.245,9.979,20.72,44.629,199.922,44.071,192.445,436.438,577.011
2015 September,189.658,178.667,410.191,540.124,54.913,9.323,18.026,47.671,189.658,41.867,185.619,417.144,547.077
2015 October,187.832,186.315,418.69,557.167,56.743,9.907,15.938,55.889,187.832,44.543,187.005,419.379,557.857
2015 November,189.32,184.786,419.255,575.787,65.981,9.77,13.628,67.154,189.32,45.15,181.63,416.1,572.632
2015 December,197.492,193.08,437.317,607.572,79.041,10.091,12.547,68.576,197.492,46.745,187.801,432.038,602.293
2016 January,197.187,188.598,427.949,600.004,87.397,9.923,11.728,63.007,192.271,42.164,174.702,409.138,581.193
2016 February,187.553,178.671,406.692,582.468,82.362,9.274,15.428,68.712,180.931,40.467,176.11,397.509,573.285
2016 March,191.433,194.48,429.456,626.931,93.454,9.866,19.297,74.857,185.559,43.543,191.319,420.421,617.896
2016 April,178.687,179.125,400.491,590.484,88.296,9.33,21.401,70.967,173.78,42.678,177.536,393.994,583.988
2016 May,187.701,193.545,424.186,609.87,86.96,9.957,24.459,64.309,181.199,42.94,197.174,421.313,606.997
2016 June,190.852,194.201,425.12,594.461,79.284,9.475,24.955,55.627,182.644,40.067,196.602,419.313,588.654
2016 July,193.036,200.412,434.897,605.124,73.206,9.852,27.056,60.114,188.917,41.448,205.111,435.477,605.704
2016 August,196.681,203.744,442.383,592.159,66.771,9.897,26.741,46.367,190.644,41.958,209.353,441.955,591.73
2016 September,186.319,191.624,417.25,562.996,55.847,9.732,24.199,55.969,179.32,39.307,198.018,416.645,562.391
2016 October,186.004,198.5,425.218,585.197,59.16,9.995,21.438,69.384,179.899,40.714,199.452,420.065,580.043
2016 November,187.879,197.554,428.755,586.984,64.174,9.858,17.985,66.212,183.07,43.322,200.084,426.476,584.705
2016 December,215.808,208.942,469.36,651.738,76.865,10.339,16.202,78.973,208.331,44.61,207.817,460.758,643.136
2017 January,193.849,202.09,440.361,627.929,90.854,10.194,15.555,70.965,187.287,44.422,186.214,417.923,605.491
2017 February,175.542,182.094,397.221,581.036,81.485,9.098,17.857,75.375,170.113,39.585,171.424,381.121,564.936
2017 March,193.158,201.743,438.279,664.711,101.04,10.126,27.472,87.793,186.205,43.377,195.863,425.445,651.877
2017 April,180.122,188.334,408.991,635.896,100.345,9.795,30.175,86.59,174.281,40.534,189.532,404.348,631.253
2017 May,183.677,202.668,427.713,662.077,111.255,9.835,34.567,78.707,178.299,41.368,206.683,426.35,660.715
2017 June,188.066,196.266,424.376,643.105,104.323,9.599,36.083,68.724,181.387,40.044,203.243,424.674,643.404
2017 July,193.826,201.023,435.876,626.343,90.753,10.077,34.635,55.001,188.278,41.027,201.51,430.816,621.282
2017 August,196.645,209.101,446.874,612.943,75.18,10.044,33.492,47.355,190.139,41.128,210.863,442.13,608.199
2017 September,182.028,197.274,417.527,584.631,65.346,9.762,30.881,61.115,174.645,38.225,195.269,408.139,575.243
2017 October,187.382,206.518,434.336,615.446,60.386,9.536,28.042,83.146,181.104,40.436,202.523,424.063,605.173
2017 November,188.898,208.792,439.367,614.56,67.859,9.671,20.501,77.162,181.853,41.676,199.618,423.148,598.341
2017 December,200.391,210.966,454.794,635.919,75.91,10.105,19.362,75.749,191.366,43.437,201.642,436.445,617.57
2018 January,202.355,204.218,449.901,653.15,85.519,9.97,20.417,87.343,196.774,43.328,190.956,431.058,634.306
2018 February,184.22,189.139,413.516,610.036,84.967,9.218,23.213,79.123,176.395,40.156,171.592,388.143,584.663
2018 March,198.708,207.86,449.807,669.313,88.236,10.057,30.918,90.294,192.887,43.24,195.311,431.438,650.944
2018 April,187.922,197.237,425.82,657.253,95.929,9.272,36.049,90.182,180.629,40.661,186.07,407.36,638.792
2018 May,197.119,207.564,445.435,681.427,103.876,10.111,40.277,81.728,189.19,40.753,209.285,439.228,675.219
2018 June,195.348,204.553,438.894,669.472,94.163,9.654,42.476,84.286,186.551,38.993,198.474,424.018,654.596
2018 July,202.925,213.7,456.125,648.661,85.64,10.066,40.715,56.116,196.19,39.5,204.554,440.243,632.779
2018 August,202.763,217.345,459.996,652.676,75.122,10.058,39.785,67.716,194.516,39.888,211.642,446.046,638.726
2018 September,190.289,200.911,427.721,601.408,65.393,9.75,35.355,63.189,181.76,36.521,190.086,408.367,582.054
2018 October,196.097,212.511,449.554,628.69,66.698,9.737,30.386,72.314,186.7,40.945,203.303,430.949,610.084
2018 November,193.443,206.403,440.785,623.898,74.766,9.76,23.468,75.118,184.714,40.939,195.978,421.632,604.744
2018 December,204.865,209.304,456.593,648.213,77.784,10.327,20.576,82.933,195.689,42.423,197.917,436.03,627.65
2019 January,202.628,203.505,445.618,645.53,84.61,10.136,22.249,82.917,196.585,39.485,185.476,421.547,621.459
2019 February,184.564,185.199,405.314,593.795,78.068,9.282,23.942,77.189,176.168,35.551,180.279,391.998,580.478
2019 March,196.655,199.101,434.186,657.711,89.852,10.247,35.49,87.936,189.541,38.429,195.324,423.294,646.819
2019 April,186.072,201.785,423.416,666.642,94.922,9.498,40.146,98.659,177.951,35.559,194.087,407.597,650.823
2019 May,193.495,210.963,440.47,690.669,109.123,9.971,43.146,87.959,185.528,36.011,210.633,432.171,682.371
2019 June,191.766,205.536,433.492,661.828,95.801,9.751,46.198,76.586,182.423,36.19,202.714,421.328,649.664
2019 July,200.886,212.331,449.754,667.695,84.875,10.086,47.572,75.408,192.53,36.537,207.635,436.702,654.643
2019 August,203.934,206.151,447.086,648.35,77.038,10.147,45.914,68.165,193.483,37.001,203.426,433.91,635.174
2019 September,191.754,190.553,416.911,613.803,63.21,9.885,40.157,83.64,182.033,34.604,188.932,405.569,602.462
2019 October,193.71,201.551,432.54,634.265,62.459,9.286,35.724,94.255,184.968,37.279,201.94,424.187,625.912
2019 November,193.418,200.854,431.235,621.355,68.982,8.575,26.634,85.929,184.035,36.963,198.4,419.399,609.519
2019 December,202.076,214.068,454.98,651.174,73.284,9.429,22.573,90.909,192.069,38.836,207.403,438.308,634.502
2020 January,181.044,212.834,433.538,649.11,83.587,9.294,26.741,95.95,173.894,39.66,197.871,411.425,626.996
2020 February,171.667,195.914,404.02,632.884,88.262,9.229,32.049,99.325,163.534,36.438,186.27,386.243,615.107
2020 March,179.748,193.158,411.929,642.361,81.284,10.378,38.731,100.039,169.726,39.023,171.918,380.668,611.1
2020 April,167.635,120.626,324.772,561.38,79.139,9.91,46.045,101.515,159.252,36.51,121.36,317.122,553.731
2020 May,172.201,146.255,355.693,619.03,102.279,10.026,54.208,96.824,164.166,37.236,155.142,356.544,619.881
2020 June,167.005,174.201,375.486,637.875,95.534,9.552,54.219,103.085,157.432,34.279,182.889,374.601,636.99
2020 July,169.96,190.522,396.389,633.731,91.243,9.921,58.159,78.019,162.814,35.906,188.408,387.127,624.469
2020 August,173.786,188.514,398.732,619.356,79.443,9.893,52.712,78.576,165.238,36.432,185.527,387.196,607.82
2020 September,167.605,185.067,386.923,584.297,63.732,9.6,44.933,79.111,157.425,34.251,184.739,376.415,573.79
2020 October,171.542,191.915,399.78,612.749,64.181,9.772,40.674,98.343,162.771,36.323,180.746,379.84,592.81
2020 November,171.449,196.187,403.366,630.734,71.286,9.978,33.068,113.038,162.562,35.73,186.803,385.095,612.464
2020 December,181.995,199.207,419.147,641.695,73.385,10.165,29.778,109.22,170.789,37.944,194.079,402.812,625.36
2021 January,180.088,190.541,409,637.388,83.799,9.988,32.034,102.566,171.545,38.371,168.745,378.662,607.049
2021 February,162.474,151.904,348.243,552.93,68.706,9.263,35.565,91.153,153.589,33.864,154.424,341.878,546.565
2021 March,178.615,194.31,410.78,678.059,72.404,9.63,51.477,133.768,167.454,37.855,193.94,399.249,666.529
2021 April,170.94,186.571,393.027,651.233,66.155,9.613,59.068,123.37,161.717,35.515,186.132,383.364,641.57
2021 May,175.976,205.831,418.21,689.525,79.53,9.947,66.559,115.28,167.503,36.403,206.591,410.496,681.811
2021 June,175.041,201.081,410.36,656.848,80.025,9.577,65.882,91.003,163.988,34.238,200.072,398.298,644.786
2021 July,180.942,208.896,425.507,651.269,75.397,10.002,66.269,74.093,173.06,35.669,204.12,412.849,638.611
2021 August,182.426,195.29,412.988,648.898,69.36,9.955,64.229,92.367,171.549,35.272,199.877,406.698,642.608
2021 September,175.041,185.399,394.918,620.767,58.08,9.802,59.026,98.941,164.002,34.478,186.209,384.689,610.537
2021 October,172.287,214.436,422.097,650.143,58.458,9.893,49.778,109.918,163.784,35.374,214.011,413.169,641.215
2021 November,172.572,215.768,423.575,663.62,66.102,9.879,42.082,121.983,160.583,35.234,207.391,403.209,643.254
2021 December,182.826,224.092,444.912,706.622,80.393,10.458,34.895,135.965,170.653,37.994,209.36,418.006,679.717
2022 January,184.394,214.134,435.124,697.568,82.562,10.409,41.808,127.664,174.514,36.596,192.653,403.763,666.207
2022 February,171.215,189.673,394.151,651.899,72.746,9.112,47.446,128.443,159.462,33.263,177.312,370.036,627.784
2022 March,181.269,212.366,430.403,733.189,83.377,9.782,62.806,146.82,168.67,36.768,206.878,412.316,715.101
2022 April,173.226,198.5,405.815,712.467,68.465,9.594,71.072,157.522,163.904,34.089,195.256,393.249,699.901
2022 May,181.55,213.805,429.947,742.753,79.7,9.921,79.459,143.726,169.673,34.591,207.636,411.9,724.706
2022 June,182.347,213.841,429.508,725.578,88.67,9.574,82.611,115.215,168.028,33.32,212.799,414.148,710.218
2022 July,184.816,217.509,436.315,713.262,83.824,9.97,82.584,100.569,175.224,33.99,205.64,414.854,691.801
2022 August,184.335,210.729,428.868,672.494,72.106,10.013,77.169,84.339,173.959,33.804,213.1,420.864,664.491
2022 September,176.542,192.753,401.522,632.729,58.093,9.755,70.105,93.254,162.402,32.227,192.137,386.766,617.973
2022 October,173.979,217.084,425.435,659.196,49.022,9.824,63.19,111.725,162.698,34.372,215.696,412.766,646.526
2022 November,173.92,219.441,427.493,685.824,61.068,9.985,46.708,140.57,163.898,34.132,208.685,406.715,665.046
2022 December,182.512,210.943,428.63,680.383,69.706,10.45,39.623,131.975,169.281,35.176,204.889,409.345,661.098
2023 January,181.449,219.626,436.916,701.741,76.048,10.709,44.432,133.636,173.65,35.842,210.205,419.697,684.522
2023 February,162.331,198.263,392.661,659.745,63.745,9.313,50.523,143.503,154.049,32.067,190.067,376.183,643.267
2023 March,180.13,221.853,436.299,734.657,69.017,10.102,67.312,151.927,165.276,34.316,220.49,420.082,718.44
2023 April,159.831,211.88,404.131,699.747,59.646,9.815,79.38,146.775,151.882,32.419,207.077,391.378,686.994
2023 May,174.423,228.993,437.506,740.66,93.759,10.07,90.079,109.246,163.487,34.091,234.334,431.912,735.066
2023 June,167.973,230.103,429.839,691.709,66.434,9.562,92.024,93.85,156.189,31.763,231.508,419.46,681.33
2023 July,172.087,232.083,437.109,711.895,72.463,9.84,97.397,95.085,162.093,32.939,223.229,418.262,693.048
2023 August,176.694,230.241,439.521,711.962,72.15,9.967,93.068,97.256,162.962,32.585,235.024,430.572,703.012
2023 September,163.957,226.81,422.351,666.253,56.284,9.828,81.595,96.196,152.79,31.584,223.521,407.895,651.798